头像,用户名
//pic.qiushibaike.com/system/avtnew/3726/37267710/thumb/2018060212353766.JPEG?imageView2/1/w/90/h/90,mengyun52…
//pic.qiushibaike.com/system/avtnew/3435/34350130/thumb/20180524140420.JPEG?imageView2/1/w/90/h/90,我等待苍老了谁~
//pic.qiushibaike.com/system/avtnew/1883/18835885/thumb/20150505122514.jpg?imageView2/1/w/90/h/90,午夜梦回QL
//pic.qiushibaike.com/system/avtnew/3877/38771461/thumb/201806030107050.JPEG?imageView2/1/w/90/h/90,吃西瓜的PS君
//pic.qiushibaike.com/system/avtnew/2307/23073489/thumb/20170907103504.JPEG?imageView2/1/w/90/h/90,七骑奇
//static.qiushibaike.com/images/thumb/missing.png?imageView2/1/w/90/h/90,日天斗罗刘三下
//pic.qiushibaike.com/system/avtnew/3755/37553673/thumb/2018053115443337.JPEG?imageView2/1/w/90/h/90,诗韵！
//pic.qiushibaike.com/system/avtnew/3371/33712263/thumb/2018060212013576.JPEG?imageView2/1/w/90/h/90,翠花Y
//pic.qiushibaike.com/system/avtnew/2555/25554784/thumb/20150210220842.jpg?imageView2/1/w/90/h/90,谁说你不笨?
//pic.qiushibaike.com/system/avtnew/1533/15333224/thumb/20170824065246.JPEG?imageView2/1/w/90/h/90,摸黑潜入
//pic.qiushibaike.com/system/avtnew/2016/20160805/thumb/20170329122337.JPEG?imageView2/1/w/90/h/90,前任段子手
//pic.qiushibaike.com/system/avtnew/3392/33922427/thumb/20180126140038.JPEG?imageView2/1/w/90/h/90,鲲鹏九天
//pic.qiushibaike.com/system/avtnew/1363/13637110/thumb/20150308031555.jpg?imageView2/1/w/90/h/90,不惑又怎样
//pic.qiushibaike.com/system/avtnew/3508/35081245/thumb/20180427022257.JPEG?imageView2/1/w/90/h/90,X~H~S
//pic.qiushibaike.com/system/avtnew/3141/31417717/thumb/20171201160727.JPEG?imageView2/1/w/90/h/90,痞子不是英雄
//pic.qiushibaike.com/system/avtnew/1674/16749385/thumb/2016101709394951.JPEG?imageView2/1/w/90/h/90,王八与蛋
//pic.qiushibaike.com/system/avtnew/3759/37597801/thumb/2018053022422243.JPEG?imageView2/1/w/90/h/90,Kxh°
//pic.qiushibaike.com/system/avtnew/3088/30880816/thumb/20180519132248.JPEG?imageView2/1/w/90/h/90,棒棒大师
//static.qiushibaike.com/images/thumb/missing.png?imageView2/1/w/90/h/90,寻觅~寻觅~寻觅~…
//pic.qiushibaike.com/system/avtnew/3429/34291590/thumb/2017082120484212.JPEG?imageView2/1/w/90/h/90,光无度
//pic.qiushibaike.com/system/avtnew/3221/32215536/thumb/20180520044702.JPEG?imageView2/1/w/90/h/90,吃了两碗又盛
//static.qiushibaike.com/images/thumb/anony.png?v=b61e7f5162d14b7c0d5f419cd6649c87,匿名用户
//pic.qiushibaike.com/system/avtnew/1222/12221187/thumb/201612020232383.JPEG?imageView2/1/w/90/h/90,那、一抹夕阳
//pic.qiushibaike.com/system/avtnew/3879/38791478/thumb/2018060508505591.JPEG?imageView2/1/w/90/h/90,手机用户67913…
//pic.qiushibaike.com/system/avtnew/3184/31847113/thumb/20180514060816.JPEG?imageView2/1/w/90/h/90,一只流浪单身狗
